{
    "poison_ratios": [
        0.1,
        0.2,
        0.3,
        0.4,
        0.5
    ],
    "clean_accuracies": [
        56.06666666666667,
        56.413333333333334,
        55.78666666666667,
        56.06666666666667,
        56.44
    ],
    "poisoned_accuracies": [
        62.17333333333333,
        55.88,
        46.57333333333333,
        34.053333333333335,
        22.69333333333333
    ]
}